gene,expression,z
TP53,10.5,1.2789077398131983
EGFR,8.2,0.22837638210949932
BRCA1,5.4,-1.0505313577036985
BRCA2,6.7,-0.4567527642189994
